Category,PagePop,Checkins,TalkingAbout,CommentsBefore,CommentsFirst24,CharsInPost,NumShares,Promoted,DayOfWeek,Comments
Club,10039,4,1151,0,0,10,1,1,4,3
Actor/director,11426,1,3330,13,12,63,2,0,5,1
Education,12914,12,1957,4,4,0,147,0,4,1
Political party,23985,178,2773,20,20,35,40,0,5,3
University,28379,9681,1283,3,3,7,1,0,5,1
University,28379,9681,1283,1,1,30,3,0,5,1
Movie theater,32590,129,628,0,0,472,1,0,5,3
Restaurant/cafe,33434,3933,730,1,1,164,1,1,4,2
Studio,34441,206,5971,13,13,65,13,1,5,8
Club,48755,7,3230,15,15,35,1,1,4,5
School,50506,55131,656,4,4,1088,1,0,5,2
University,50563,10358,2348,1,1,186,1,1,6,3
Automobiles and parts,54947,68,700,5,5,49,21,0,5,2
Movie theater,55975,53564,774,76,71,349,58,0,5,1
Outdoor gear/sporting goods,58626,226,674,0,0,4,3,1,6,1
Church/religious organization,65094,4378,10862,3,3,92,1,0,4,2
Church/religious organization,65094,4378,10862,79,79,55,96,0,5,3
Church/religious organization,65094,4378,10862,13,13,80,1,0,4,5
Church/religious organization,65094,4378,10862,7,7,80,1,0,4,7
Church/religious organization,65094,4378,10862,7,7,43,1,0,4,7
Church/religious organization,65094,4378,10862,43,43,55,72,0,6,11
Non-governmental organization (ngo),83253,33,440,0,0,447,45,0,4,1
Athlete,91397,15,13482,0,0,122,1,0,5,4
Athlete,91981,6,1372,49,46,44,4,0,4,1
News/media website,102210,5,4791,1,1,39,2,0,4,1
Athlete,123770,1,9980,7,7,11,1,0,5,6
Media/news/publishing,150211,26,5091,3,3,30,3,0,4,2
Club,152469,2,8598,147,147,19,101,0,4,553
Athlete,156590,4,9718,26,25,34,21,0,4,3
Athlete,156590,4,9718,107,107,15,41,1,6,69
University,163208,51448,1607,2,2,143,2,0,6,3
News/media website,173448,2,2229,6,6,24,2,0,5,4
Musician/band,192885,1,2647,4,4,625,28,0,5,3
Insurance company,202466,35,19214,19,19,105,25,0,4,4
Insurance company,202466,35,19214,234,216,413,171,1,5,5
Insurance company,202466,35,19214,14,14,188,68,0,4,7
Insurance company,202466,35,19214,47,47,150,187,1,6,52
Insurance company,202466,35,19214,162,162,265,126,0,5,56
Non-profit organization,236881,1172,36034,2,2,88,45,0,6,1
Non-profit organization,236881,1172,36034,3,3,91,41,0,4,3
Non-profit organization,236881,1172,36034,14,14,171,72,0,5,6
Non-profit organization,236881,1172,36034,17,17,136,25,0,4,7
Non-profit organization,236881,1172,36034,11,11,80,105,0,6,8
Non-profit organization,236881,1172,36034,8,8,285,2,0,6,8
Non-profit organization,236881,1172,36034,6,6,149,207,1,6,11
Non-profit organization,236881,1172,36034,19,19,51,225,1,6,13
Non-profit organization,236881,1172,36034,90,90,21,253,1,6,13
Non-profit organization,236881,1172,36034,33,33,99,55,0,7,40
Just for fun,240597,6,31893,393,315,10,3,0,4,28
Community,259407,10,10824,0,0,17,1,0,4,1
Entertainment website,282337,1,6446,2,2,17,2,0,5,1
Entertainment website,282337,1,6446,4,4,40,1,0,4,1
Entertainment website,282337,1,6446,22,22,60,3,1,5,17
Just for fun,297702,148,488,1,1,101,4,0,5,2
News/media website,309914,13,5432,1,1,60,3,1,4,1
News/media website,309914,13,5432,0,0,61,21,1,6,1
Professional sports team,309999,28,43647,75,74,225,38,1,5,5
Professional sports team,309999,28,43647,35,35,131,20,0,5,7
Professional sports team,309999,28,43647,29,29,183,61,0,4,73
Actor/director,313452,1,86759,41,41,69,178,0,5,34
Actor/director,313452,1,86759,30,30,80,168,1,5,76
Actor/director,313452,1,86759,42,42,49,251,1,6,157
Company,315785,373,12829,3,3,165,14,0,6,4
Company,315785,373,12829,16,16,101,20,1,6,6
Company,315785,373,12829,6,6,127,230,0,4,50
Athlete,319720,65,11739,3,3,5,2,0,5,1
Athlete,319720,65,11739,1,1,0,1,0,5,1
Athlete,319720,65,11739,2,2,4,1,0,4,1
Athlete,319720,65,11739,0,0,6,11,0,5,1
Athlete,319720,65,11739,0,0,49,1,0,5,1
Athlete,319720,65,11739,0,0,11,1,0,5,1
Athlete,319720,65,11739,0,0,14,1,0,5,2
Athlete,319720,65,11739,72,71,4,3,1,4,13
Athlete,319720,65,11739,44,44,0,1,0,4,44
Musician/band,327857,640,2549,4,4,15,2,0,5,3
Media/news/publishing,362777,19,28797,6,6,18,43,0,4,1
Media/news/publishing,362777,19,28797,0,0,121,34,0,5,1
Media/news/publishing,362777,19,28797,9,9,99,97,0,4,1
Media/news/publishing,362777,19,28797,3,3,122,1,0,4,3
Media/news/publishing,362777,19,28797,18,18,496,221,0,5,3
Media/news/publishing,362777,19,28797,14,14,145,46,1,6,5
Professional sports team,365591,2096,6531,6,6,0,21,0,4,2
Professional sports team,365591,2096,6531,31,31,0,18,1,5,3
Professional sports team,365591,2096,6531,5,5,239,1,1,7,9
Health/beauty,390311,14,7222,0,0,0,1,0,6,1
Magazine,413585,49,14380,22,22,109,2,0,5,1
Magazine,413585,49,14380,16,16,150,2,0,5,2
Magazine,413585,49,14380,7,7,101,1,1,5,2
Magazine,413585,49,14380,31,31,55,1,0,5,2
Magazine,413585,49,14380,11,11,72,2,0,5,3
Magazine,413585,49,14380,27,27,48,24,0,5,14
Magazine,413585,49,14380,47,47,19,1,0,6,22
Magazine,413585,49,14380,89,89,10405,40,1,4,30
Company,417812,1,8063,12,12,0,19,0,4,2
School sports team,425753,2197,10938,17,17,149,75,0,4,8
Athlete,429905,45,120472,70,63,26,123,1,4,1
Athlete,429905,45,120472,53,53,224,2,1,4,1
Athlete,429905,45,120472,42,37,410,2,0,4,1
Athlete,429905,45,120472,14,14,503,77,0,6,1
Athlete,429905,45,120472,6,6,68,2,1,6,1
Athlete,429905,45,120472,24,24,44,1,0,4,1
Athlete,429905,45,120472,46,46,47,2,0,5,2
Athlete,429905,45,120472,14,14,52,58,1,6,2
Athlete,429905,45,120472,297,263,71,41,0,4,2
Athlete,429905,45,120472,51,51,80,80,0,4,4
Athlete,429905,45,120472,16,16,42,47,0,4,5
Athlete,429905,45,120472,11,11,39,1,0,5,5
Athlete,429905,45,120472,4,4,52,25,0,4,5
Athlete,429905,45,120472,186,167,81,277,1,4,6
Athlete,429905,45,120472,53,53,640,16,0,4,6
Athlete,429905,45,120472,9,9,590,66,0,5,7
Athlete,429905,45,120472,9,9,48,276,1,4,8
Athlete,429905,45,120472,48,48,47,1,1,4,9
Athlete,429905,45,120472,22,22,44,18,1,5,10
Athlete,429905,45,120472,51,51,112,55,0,5,12
Athlete,429905,45,120472,48,48,43,21,1,4,15
Athlete,429905,45,120472,90,90,59,33,0,5,16
Athlete,429905,45,120472,129,129,208,2,0,6,16
Athlete,429905,45,120472,35,35,59,111,0,4,20
Athlete,429905,45,120472,161,161,95,177,1,5,28
Athlete,429905,45,120472,10,10,114,20,0,4,31
Athlete,429905,45,120472,127,127,122,39,0,4,35
Athlete,429905,45,120472,202,202,29,220,0,5,36
Athlete,429905,45,120472,167,167,18,50,0,4,40
Athlete,429905,45,120472,249,243,81,34,0,4,46
Athlete,429905,45,120472,643,643,59,3,0,4,52
Athlete,429905,45,120472,31,31,18,93,1,5,53
Athlete,429905,45,120472,64,64,93,41,1,6,63
Athlete,429905,45,120472,66,66,41,17,0,4,72
Athlete,429905,45,120472,0,0,93,14,0,6,98
Athlete,429905,45,120472,936,893,36,44,1,4,99
Athlete,429905,45,120472,400,400,44,3,0,5,110
Athlete,429905,45,120472,157,157,27,1113,0,4,134
Athlete,429905,45,120472,814,814,60,2,0,5,138
Athlete,429905,45,120472,1064,1064,115,478,0,4,155
Athlete,429905,45,120472,452,452,80,138,1,5,178
Athlete,429905,45,120472,248,248,108,32,0,4,188
Athlete,429905,45,120472,1776,1613,41,739,0,4,204
Athlete,429905,45,120472,1833,1833,44,79,0,4,279
Athlete,429905,45,120472,446,446,18,83,0,5,323
Bank/financial institution,433684,3,8147,18,16,40,68,0,4,1
Bank/financial institution,433684,3,8147,0,0,52,11,0,6,1
Bank/financial institution,433684,3,8147,4,4,78,1,1,5,1
Bank/financial institution,433684,3,8147,12,12,38,47,0,4,1
Bank/financial institution,433684,3,8147,33,32,37,112,0,4,1
Bank/financial institution,433684,3,8147,0,0,28,1,0,6,1
Bank/financial institution,433684,3,8147,32,31,85,22,0,4,1
Bank/financial institution,433684,3,8147,1,1,15,1,0,4,1
Bank/financial institution,433684,3,8147,14,14,54,44,0,5,2
Bank/financial institution,433684,3,8147,20,20,40,17,0,4,2
Bank/financial institution,433684,3,8147,9,9,80,20,1,4,2
Bank/financial institution,433684,3,8147,16,16,36,64,0,6,3
Bank/financial institution,433684,3,8147,37,37,39,24,0,5,3
Bank/financial institution,433684,3,8147,6,6,17,2,0,4,3
Bank/financial institution,433684,3,8147,13,13,19,78,0,6,6
Bank/financial institution,433684,3,8147,137,137,10,1,0,4,69
Just for fun,446320,42,9288,16,16,29,1,1,5,4
Political party,469336,27,46767,47,47,234,129,1,4,12
Political party,469336,27,46767,8,8,530,147,0,4,19
Political party,469336,27,46767,47,47,238,236,0,4,32
Political party,469336,27,46767,25,25,155,431,0,4,33
Political party,469336,27,46767,128,128,52,819,0,5,43
Political party,469336,27,46767,26,26,0,307,1,5,63
Political party,469336,27,46767,169,169,70,1027,0,5,105
Athlete,516035,139,6941,47,43,16,1,0,4,3
Athlete,516035,139,6941,11,11,33,31,0,4,10
Athlete,516035,139,6941,66,66,0,42,0,5,18
Professional sports team,518247,2800,70669,110,108,0,38,1,4,1
Professional sports team,518247,2800,70669,4,4,123,1,0,5,1
Professional sports team,518247,2800,70669,37,36,147,2,0,5,2
Professional sports team,518247,2800,70669,15,15,11,22,0,4,3
Professional sports team,518247,2800,70669,41,41,171,25,0,5,4
Professional sports team,518247,2800,70669,37,37,177,12,0,5,4
Professional sports team,518247,2800,70669,23,23,123,1,0,5,5
Professional sports team,518247,2800,70669,188,188,109,77,0,4,6
Professional sports team,518247,2800,70669,124,124,172,193,1,4,7
Professional sports team,518247,2800,70669,12,12,126,13,1,5,9
Professional sports team,518247,2800,70669,51,51,101,11,0,5,12
Professional sports team,518247,2800,70669,97,97,0,18,0,6,23
Travel/leisure,519601,373,8078,14,14,90,70,0,4,1
Travel/leisure,519601,373,8078,2,2,107,1,0,5,1
Travel/leisure,519601,373,8078,31,28,20,1,0,4,3
Travel/leisure,519601,373,8078,0,0,161,22,1,7,9
Media/news/publishing,593886,247,2800,0,0,99,1,0,5,1
Community,595191,99,1561,5,5,147,28,0,6,2
Artist,609152,1,16856,27,27,98,1,0,4,12
Artist,609152,1,16856,89,89,94,126,1,5,23
Artist,633016,183,168920,3,3,118,4,0,5,3
Artist,633016,183,168920,172,172,30,220,1,5,123
Local business,655739,628,10260,14,14,56,22,0,4,2
Local business,655739,628,10260,12,12,26,33,0,4,2
Local business,655739,628,10260,17,17,15,132,0,5,12
Just for fun,668216,31,620,2,2,36,2,1,5,3
Professional sports team,668834,4,42523,33,33,93,29,0,6,2
Professional sports team,668834,4,42523,261,261,83,66,0,5,9
Professional sports team,668834,4,42523,0,0,116,70,0,7,268
Professional sports team,672411,1,14221,29,29,177,94,0,5,3
Professional sports team,672411,1,14221,12,12,190,21,0,5,6
Professional sports team,672411,1,14221,0,0,94,98,0,6,105
School sports team,683375,21076,16319,18,18,336,85,0,4,3
School sports team,683375,21076,16319,9,9,148,39,0,6,3
Software,683956,2,30334,3,3,112,58,0,5,6
Professional sports team,854288,22501,22725,22,22,0,22,0,5,1
Professional sports team,854288,22501,22725,72,72,187,132,0,4,2
Professional sports team,854288,22501,22725,49,47,110,109,0,6,4
Professional sports team,854288,22501,22725,65,61,133,229,0,5,7
Professional sports team,879585,11,49540,7,7,109,15,1,6,1
Professional sports team,879585,11,49540,415,415,51,124,0,6,2
Professional sports team,879585,11,49540,38,38,46,33,0,6,2
Professional sports team,879585,11,49540,93,93,100,51,0,6,3
Professional sports team,879585,11,49540,20,20,89,53,0,4,43
Professional sports team,879585,11,49540,153,153,51,101,1,7,196
App page,888531,1,4469,115,115,808,310,0,5,5
Just for fun,926272,1471,1394,4,4,12,1,0,5,1
News/media website,945697,50,25483,21,17,26,22,0,4,1
News/media website,945697,50,25483,46,35,18,20,0,4,1
Professional sports team,952756,8,443107,13,13,53,1,0,7,1
Professional sports team,952756,8,443107,32,32,28,3,0,4,4
Professional sports team,952756,8,443107,16,16,113,23,0,4,5
Professional sports team,952756,8,443107,7,7,475,2,0,4,5
Professional sports team,952756,8,443107,65,65,72,43,1,6,7
Professional sports team,952756,8,443107,52,52,37,34,1,4,7
Professional sports team,952756,8,443107,13,13,22,17,0,6,7
Professional sports team,952756,8,443107,0,0,115,1,0,7,7
Professional sports team,952756,8,443107,50,50,18,68,0,4,11
Professional sports team,952756,8,443107,0,0,101,4,0,6,18
Professional sports team,952756,8,443107,0,0,1446,1,0,7,22
Professional sports team,952756,8,443107,71,71,74,169,0,4,24
Professional sports team,952756,8,443107,0,0,53,84,0,7,29
Professional sports team,952756,8,443107,16,16,209,3,0,4,36
Professional sports team,952756,8,443107,0,0,73,1,0,4,95
Professional sports team,952756,8,443107,198,198,48,330,0,4,246
Professional sports team,952756,8,443107,104,104,51,296,0,4,304
Professional sports team,952756,8,443107,244,244,70,31,0,4,313
Professional sports team,952756,8,443107,145,145,82,465,0,4,403
Professional sports team,952756,8,443107,0,0,57,49,1,7,472
Professional sports team,952756,8,443107,451,451,89,83,0,4,781
Professional sports team,1009493,175714,47503,24,24,104,11,0,7,1
Professional sports team,1009493,175714,47503,27,27,209,17,0,7,1
Professional sports team,1009493,175714,47503,16,16,172,23,0,7,2
Professional sports team,1009493,175714,47503,9,9,154,2,1,7,9
Professional sports team,1009493,175714,47503,71,71,123,74,1,4,10
Professional sports team,1009493,175714,47503,57,57,113,23,0,7,12
Professional sports team,1009493,175714,47503,0,0,194,3,0,7,13
Media/news/publishing,1035604,268,21019,40,40,134,1,1,4,1
Media/news/publishing,1035604,268,21019,44,40,262,30,1,4,1
University,1051998,44057,10512,37,37,281,22,1,5,4
University,1051998,44057,10512,13,13,350,21,1,6,6
University,1051998,44057,10512,281,281,41,34,0,6,315
Professional sports team,1060457,120918,68146,18,18,136,18,0,4,1
Professional sports team,1060457,120918,68146,42,42,117,50,0,5,3
Professional sports team,1060457,120918,68146,45,45,88,59,1,6,3
Professional sports team,1060457,120918,68146,40,40,74,54,1,4,11
Professional sports team,1060457,120918,68146,238,238,50,847,1,6,24
Professional sports team,1060457,120918,68146,78,78,50,259,0,6,32
Athlete,1077012,275,20332,10,10,10,16,0,7,23
Outdoor gear/sporting goods,1103265,3726,10130,4,4,0,1,0,5,2
Outdoor gear/sporting goods,1103265,3726,10130,12,12,44,25,0,6,3
Outdoor gear/sporting goods,1103265,3726,10130,11,11,11,38,0,5,4
Outdoor gear/sporting goods,1103265,3726,10130,59,59,23,1,0,4,16
Outdoor gear/sporting goods,1103265,3726,10130,96,96,19,27,0,5,25
Professional sports team,1203855,88,101567,65,62,48,2,0,6,1
Professional sports team,1203855,88,101567,129,129,64,15,0,6,8
Professional sports team,1203855,88,101567,129,126,45,15,1,5,9
Professional sports team,1203855,88,101567,93,93,42,21,0,6,9
Musician/band,1209904,62,106641,392,392,122,69,0,5,100
Professional sports team,1251509,732,46184,6,6,0,2,0,5,1
Professional sports team,1251509,732,46184,5,5,0,1,0,5,2
Professional sports team,1251509,732,46184,172,164,153,104,0,5,12
Professional sports team,1251509,732,46184,0,0,0,19,0,5,25
Musician/band,1259278,89,98279,25,23,103,5,0,4,1
Musician/band,1259278,89,98279,149,134,88,2280,0,4,19
Professional sports team,1340759,33935,49392,37,37,240,15,1,5,1
Professional sports team,1340759,33935,49392,30,30,0,1,0,5,1
Professional sports team,1340759,33935,49392,10,9,193,5,1,5,1
Professional sports team,1340759,33935,49392,33,33,189,13,0,6,2
Professional sports team,1340759,33935,49392,11,11,81,13,0,6,3
Professional sports team,1340759,33935,49392,58,58,210,16,0,6,6
Professional sports team,1340759,33935,49392,275,275,391,152,1,6,8
Professional sports team,1340759,33935,49392,89,89,328,63,1,5,20
Professional sports team,1340759,33935,49392,30,30,303,18,0,5,24
Movie,1345566,492,6535,84,82,255,1,1,5,10
Athlete,1351556,28,54809,37,35,14,1,1,4,1
Athlete,1351556,28,54809,8,7,121,30,0,4,1
Athlete,1351556,28,54809,16,16,172,37,0,6,3
Athlete,1351556,28,54809,37,37,292,46,1,4,3
Athlete,1351556,28,54809,36,36,55,86,0,6,3
Athlete,1351556,28,54809,5,5,33,2,0,7,5
Athlete,1351556,28,54809,49,49,386,92,0,6,19
Athlete,1351556,28,54809,55,55,171,69,0,6,29
Athlete,1351556,28,54809,130,130,73,555,0,6,31
Athlete,1351556,28,54809,187,187,72,79,0,4,39
Artist,1425417,185,84153,17,17,26,30,0,5,2
Artist,1425417,185,84153,37,37,130,11,1,7,70
Travel/leisure,1428454,138,57810,20,18,0,63,0,5,3
Travel/leisure,1428454,138,57810,96,94,178,1428,0,4,25
Professional sports team,1433518,25951,101466,107,107,226,276,1,6,2
Professional sports team,1433518,25951,101466,26,26,195,49,0,6,5
Professional sports team,1433518,25951,101466,255,255,122,22,0,7,10
Professional sports team,1433518,25951,101466,107,107,323,82,0,5,11
Professional sports team,1433518,25951,101466,106,106,145,216,1,6,11
Professional sports team,1433518,25951,101466,69,69,240,82,0,5,13
Professional sports team,1433518,25951,101466,259,259,363,104,1,5,28
Professional sports team,1483101,1480,82383,31,31,136,19,1,4,7
Professional sports team,1483101,1480,82383,55,55,0,42,0,5,13
Professional sports team,1483101,1480,82383,48,48,56,19,0,5,16
Musician/band,1488908,249,166198,365,365,154,244,0,5,171
Professional sports team,1548753,10803,59597,118,117,108,415,1,5,2
Professional sports team,1548753,10803,59597,119,119,238,336,1,6,3
Professional sports team,1548753,10803,59597,67,67,158,37,0,6,20
Professional sports team,1548753,10803,59597,145,145,146,35,1,6,22
Professional sports team,1548753,10803,59597,0,0,111,182,1,5,34
Professional sports team,1548753,10803,59597,485,485,111,244,1,6,44
Arts/humanities website,1578743,69,2761,1,1,345,1,0,4,1
School sports team,1611220,39,9484,63,63,131,843,0,7,10
Tv/movie award,1631119,5019,197556,197,196,68,485,0,5,8
Personal blog,1720897,1152,10096,10,10,41,1,0,4,2
Personal blog,1720897,1152,10096,25,25,237,15,0,5,2
Personal blog,1720897,1152,10096,0,0,117,4,0,5,2
Personal blog,1720897,1152,10096,5,5,204,1,0,5,4
Personal blog,1720897,1152,10096,93,93,203,14,0,5,14
Professional sports team,1844988,9314,43448,40,38,250,156,1,5,4
Professional sports team,1844988,9314,43448,31,30,94,20,0,5,4
Professional sports team,1844988,9314,43448,160,154,140,418,0,6,10
Professional sports team,1947049,2697,42688,56,54,372,88,0,4,1
Professional sports team,1947049,2697,42688,3,3,118,1,0,5,2
Professional sports team,1947049,2697,42688,19,19,0,2,1,4,2
Professional sports team,1947049,2697,42688,31,31,209,30,0,4,2
Professional sports team,1947049,2697,42688,32,32,339,19,0,6,4
Professional sports team,1947049,2697,42688,29,29,146,5,0,5,6
Professional sports team,1947049,2697,42688,28,28,158,5,0,4,7
Professional sports team,1947049,2697,42688,18,18,172,145,0,5,12
Professional sports team,1947049,2697,42688,25,25,357,52,0,6,17
Artist,1947129,7,242852,32,32,149,306,1,6,5
Artist,1947129,7,242852,15,15,126,103,0,5,6
Artist,1947129,7,242852,113,110,128,649,0,6,8
Artist,1947129,7,242852,110,107,131,652,0,6,12
Artist,1947129,7,242852,161,161,127,807,0,5,17
Artist,1947129,7,242852,18,18,130,373,0,6,31
Artist,1947129,7,242852,97,97,130,481,0,6,34
Artist,1947129,7,242852,144,144,120,754,0,7,67
Professional sports team,1975842,35,140870,88,88,105,505,0,6,2
Professional sports team,1975842,35,140870,9,9,150,17,0,6,2
Professional sports team,1975842,35,140870,22,21,101,51,0,6,3
Professional sports team,1975842,35,140870,30,30,186,25,0,4,8
Professional sports team,1975842,35,140870,180,180,83,994,0,6,21
Professional sports team,1975842,35,140870,146,146,168,1224,0,5,47
Professional sports team,1975842,35,140870,107,107,98,33,0,4,51
Professional sports team,1977515,27412,92370,293,290,121,179,0,5,1
Professional sports team,1977515,27412,92370,11,11,151,3,0,6,2
Professional sports team,1977515,27412,92370,142,142,116,283,1,5,5
Professional sports team,1977515,27412,92370,238,238,31,1955,0,4,72
Arts/entertainment/nightlife,1987780,1349,39333,9,9,35,89,1,4,1
Arts/entertainment/nightlife,1987780,1349,39333,12,11,35,73,0,4,1
Arts/entertainment/nightlife,1987780,1349,39333,12,10,35,42,0,4,2
Arts/entertainment/nightlife,1987780,1349,39333,10,10,35,62,0,5,2
Arts/entertainment/nightlife,1987780,1349,39333,37,36,40,261,0,6,2
Arts/entertainment/nightlife,1987780,1349,39333,7,7,37,87,0,7,2
Arts/entertainment/nightlife,1987780,1349,39333,24,24,35,133,1,4,3
Arts/entertainment/nightlife,1987780,1349,39333,29,22,34,250,0,5,3
Arts/entertainment/nightlife,1987780,1349,39333,8,8,35,81,0,6,3
Arts/entertainment/nightlife,1987780,1349,39333,51,43,40,205,0,5,4
Arts/entertainment/nightlife,1987780,1349,39333,13,13,38,106,0,5,5
Arts/entertainment/nightlife,1987780,1349,39333,0,0,35,32,1,4,14
Media/news/publishing,2012105,4,9530,3,3,87,1,0,4,4
Comedian,2071999,156,150355,13,13,186,28,0,5,1
Comedian,2071999,156,150355,25,25,114,33,0,5,1
Comedian,2071999,156,150355,18,18,76,34,0,5,1
Comedian,2071999,156,150355,10,10,34,11,0,5,1
Comedian,2071999,156,150355,4,4,63,1,1,4,2
Comedian,2071999,156,150355,8,8,4093,24,0,5,2
Comedian,2071999,156,150355,6,6,44,114,0,5,2
Comedian,2071999,156,150355,11,11,2,12,1,5,3
Comedian,2071999,156,150355,20,20,547,109,0,5,5
Comedian,2071999,156,150355,14,14,6,27,0,5,6
Comedian,2071999,156,150355,72,72,116,20,0,5,12
Comedian,2071999,156,150355,12,12,2149,137,0,5,18
Comedian,2071999,156,150355,64,64,652,175,0,5,31
Comedian,2071999,156,150355,43,43,242,78,0,5,46
Comedian,2071999,156,150355,584,584,127,2,0,5,290
Professional sports team,2075758,57,17605,6,6,143,1,1,5,1
Professional sports team,2075758,57,17605,2,2,161,2,0,5,1
Professional sports team,2075758,57,17605,1,1,386,1,1,6,2
Professional sports team,2075758,57,17605,5,5,262,3,0,5,5
Professional sports team,2075758,57,17605,11,11,280,2,1,6,10
Professional sports team,2078654,2715,84453,18,18,182,20,0,5,1
Professional sports team,2078654,2715,84453,73,64,854,86,0,5,3
Professional sports team,2078654,2715,84453,15,14,97,25,1,6,3
Professional sports team,2078654,2715,84453,5,5,100,17,0,6,4
Professional sports team,2078654,2715,84453,24,24,80,17,1,6,6
Professional sports team,2078654,2715,84453,13,13,89,20,0,6,8
Professional sports team,2078654,2715,84453,40,40,531,58,0,5,10
Professional sports team,2078654,2715,84453,186,159,743,745,0,5,11
Professional sports team,2078654,2715,84453,37,37,772,162,0,6,35
Professional sports team,2078654,2715,84453,87,87,1098,164,1,4,38
Professional sports team,2078654,2715,84453,0,0,261,85,0,4,42
Movie,2085271,1,2539,0,0,39,1174,1,6,171
Magazine,2095354,514,74821,6,6,510,53,1,5,2
Magazine,2095354,514,74821,9,9,216,19,0,5,2
Magazine,2095354,514,74821,6,6,26,4,1,5,2
Magazine,2095354,514,74821,0,0,452,19,0,6,3
Magazine,2095354,514,74821,6,6,204,80,0,5,3
Magazine,2095354,514,74821,0,0,114,5,0,7,4
Magazine,2095354,514,74821,9,9,595,11,0,4,4
Magazine,2095354,514,74821,0,0,114,1,0,6,5
Magazine,2095354,514,74821,0,0,95,61,1,7,6
Magazine,2095354,514,74821,26,26,181,186,0,6,10
Magazine,2095354,514,74821,39,39,177,177,0,5,10
Magazine,2095354,514,74821,48,48,160,220,1,5,26
Magazine,2095354,514,74821,80,80,210,351,0,7,55
Education,2136970,7564,16630,20,20,0,176,0,4,2
Education,2136970,7564,16630,94,94,0,34,0,5,9
Professional sports team,2156275,114,47233,88,88,95,55,0,6,1
Professional sports team,2156275,114,47233,66,66,52,59,0,7,1
Professional sports team,2156275,114,47233,50,50,117,62,0,5,1
Professional sports team,2156275,114,47233,69,66,279,68,0,6,2
Professional sports team,2156275,114,47233,85,85,86,33,1,6,10
Professional sports team,2156275,114,47233,44,44,76,59,0,4,18
Professional sports team,2156275,114,47233,590,590,46,662,0,6,304
Athlete,2191816,1,138657,22,22,181,4,0,5,2
Athlete,2191816,1,138657,242,242,224,63,0,4,11
Athlete,2191816,1,138657,58,58,209,87,0,6,12
Athlete,2191816,1,138657,451,435,160,1066,0,4,22
Athlete,2191816,1,138657,107,107,235,44,0,4,35
Movie,2218000,2,44683,33,33,0,4,0,5,10
Professional sports team,2239009,51619,87722,13,13,276,32,0,6,1
Professional sports team,2239009,51619,87722,49,49,90,40,0,6,2
Professional sports team,2239009,51619,87722,37,35,99,60,0,6,2
Professional sports team,2289651,185932,119581,9,9,292,12,0,5,1
Professional sports team,2289651,185932,119581,15,15,171,36,1,6,4
Professional sports team,2289651,185932,119581,46,46,316,151,0,5,9
Professional sports team,2289651,185932,119581,24,24,316,90,1,6,10
Professional sports team,2289651,185932,119581,39,39,151,18,0,7,38
Professional sports team,2289651,185932,119581,298,298,97,294,0,6,64
Artist,2351938,1,297532,1460,1460,81,323,1,6,246
Professional sports team,2415071,1,57857,55,55,237,12,0,6,6
Company,2446860,267,38579,2,2,72,10,0,4,1
Professional sports team,2470711,36,271475,65,65,81,145,0,5,1
Professional sports team,2470711,36,271475,2,2,124,19,0,4,3
Professional sports team,2470711,36,271475,259,258,89,425,0,6,8
Professional sports team,2470711,36,271475,63,63,89,194,0,7,9
Professional sports team,2470711,36,271475,224,224,129,76,0,6,10
Professional sports team,2470711,36,271475,105,105,67,101,0,6,17
Professional sports team,2470711,36,271475,123,123,125,174,0,6,24
Professional sports team,2470711,36,271475,109,109,71,438,1,4,63
Professional sports team,2470711,36,271475,164,164,82,374,0,6,72
Professional sports team,2470711,36,271475,0,0,94,666,0,7,193
Professional sports team,2549867,186370,177095,106,105,129,341,0,5,6
Professional sports team,2549867,186370,177095,187,187,99,96,1,6,8
Professional sports team,2549867,186370,177095,27,27,204,71,0,5,19
Professional sports team,2549867,186370,177095,370,370,80,1572,0,6,33
Professional sports team,2549867,186370,177095,49,49,117,100,0,4,44
Professional sports team,2549867,186370,177095,158,158,91,664,0,6,51
Professional sports team,2549867,186370,177095,117,117,86,226,1,6,57
Professional sports team,2549867,186370,177095,445,445,129,685,1,6,117
Public figure,2637709,69,6939,2,2,26,1,0,6,1
Public figure,2637709,69,6939,1,1,0,1,1,6,1
Public figure,2637709,69,6939,0,0,0,1,0,6,1
Artist,2667410,141,111855,30,30,206,78,1,5,43
Artist,2667410,141,111855,436,436,123,1737,0,6,115
Professional sports team,2697640,79899,31005,16,16,152,58,1,4,1
Professional sports team,2697640,79899,31005,19,16,198,56,0,4,1
Professional sports team,2697640,79899,31005,3,3,237,3,1,4,1
Professional sports team,2697640,79899,31005,25,24,181,27,0,5,2
Professional sports team,2697640,79899,31005,39,39,241,80,1,6,2
Professional sports team,2697640,79899,31005,11,11,252,21,0,7,3
Professional sports team,2697640,79899,31005,8,8,240,4,1,6,5
Professional sports team,2697640,79899,31005,8,8,203,23,0,6,5
Professional sports team,2828720,3966,56668,8,8,87,1,0,6,1
Professional sports team,2828720,3966,56668,12,12,43,55,0,6,2
Professional sports team,2828720,3966,56668,64,55,158,215,0,5,3
Professional sports team,2828720,3966,56668,10,10,88,1,1,5,3
Professional sports team,3032492,4584,114769,2,2,130,4,1,6,1
Professional sports team,3032492,4584,114769,161,131,114,609,0,5,8
Professional sports team,3032492,4584,114769,71,65,127,237,0,5,8
Professional sports team,3040489,2416,256293,59,59,133,82,0,6,12
Professional sports team,3040489,2416,256293,0,0,191,53,0,6,59
Professional sports team,3040489,2416,256293,0,0,142,43,0,4,64
Professional sports team,3040489,2416,256293,0,0,132,834,1,4,274
Entertainment website,3080001,1896,2379,0,0,40,275,1,4,15
Public figure,3090531,1,72072,89,89,14,2,0,6,70
Product/service,3094958,403,16582,17,17,142,60,0,5,3
Movie,3280313,1,39324,65,65,146,108,0,5,4
Outdoor gear/sporting goods,3316706,2842,9114,0,0,141,2,0,5,1
Outdoor gear/sporting goods,3316706,2842,9114,1,1,232,1,0,6,2
Non-profit organization,3337470,27805,11736,0,0,113,81,1,6,1
Non-profit organization,3337470,27805,11736,0,0,272,19,0,6,2
Movie,3396662,4,10568,42,42,161,1,1,4,6
Professional sports team,3544586,122388,227617,101,97,126,614,1,6,1
Professional sports team,3544586,122388,227617,82,73,78,115,0,6,1
Professional sports team,3544586,122388,227617,75,75,105,122,1,5,5
Professional sports team,3544586,122388,227617,0,0,73,45,0,6,10
Professional sports team,3544586,122388,227617,34,34,83,73,0,6,11
Professional sports team,3544586,122388,227617,34,34,90,94,0,6,12
Professional sports team,3544586,122388,227617,43,43,130,125,1,6,13
Professional sports team,3544586,122388,227617,64,64,163,249,1,4,21
Professional sports team,3544586,122388,227617,87,87,75,68,0,4,21
Professional sports team,3544586,122388,227617,46,46,94,209,0,7,27
Professional sports team,3544586,122388,227617,219,219,125,774,0,7,97
Professional sports team,3544586,122388,227617,898,898,61,561,0,5,158
Movie,3620541,1410,43400,186,186,216,930,0,4,37
Professional sports team,3680277,72983,126847,95,90,548,67,0,4,1
Professional sports team,3680277,72983,126847,65,65,104,31,0,6,1
Professional sports team,3680277,72983,126847,65,65,229,24,0,4,2
Professional sports team,3680277,72983,126847,83,75,120,61,0,4,2
Professional sports team,3680277,72983,126847,42,42,330,31,0,5,3
Professional sports team,3680277,72983,126847,47,47,42,41,0,5,3
Professional sports team,3680277,72983,126847,63,63,66,27,1,5,3
Professional sports team,3680277,72983,126847,69,69,578,116,0,4,6
Professional sports team,3680277,72983,126847,40,40,60,5,1,5,6
Professional sports team,3680277,72983,126847,57,57,228,149,1,5,7
Professional sports team,3680277,72983,126847,43,43,212,131,0,6,13
Professional sports team,3680277,72983,126847,268,244,232,870,0,4,14
Professional sports team,3680277,72983,126847,15,15,342,207,0,4,32
Professional sports team,3680277,72983,126847,106,106,396,93,0,6,48
Professional sports team,3739454,30262,29943,7,7,116,3,0,6,2
Professional sports team,3739454,30262,29943,35,35,231,31,1,6,10
Professional sports team,3739454,30262,29943,90,90,271,24,0,5,23
Professional sports team,4072194,880,161174,48,48,503,89,1,4,18
Professional sports team,4072194,880,161174,287,287,46,338,0,5,114
Company,4196949,3849,39394,7,7,0,2,0,4,1
Company,4196949,3849,39394,76,73,151,373,0,4,2
Company,4196949,3849,39394,5,5,205,38,0,6,3
Company,4196949,3849,39394,3,3,161,20,1,4,4
Company,4196949,3849,39394,14,14,238,11,1,5,4
Company,4196949,3849,39394,38,37,139,21,0,6,5
Company,4196949,3849,39394,0,0,144,116,0,7,26
Cars,4227754,1,78635,3,3,137,11,1,4,1
Cars,4227754,1,78635,3,3,119,3,0,6,1
Cars,4227754,1,78635,23,23,147,56,0,5,1
Cars,4227754,1,78635,9,9,139,3,0,5,1
Cars,4227754,1,78635,6,6,83,4,0,5,5
Cars,4227754,1,78635,1,1,138,12,0,4,5
Professional sports team,4253181,40,472926,90,90,251,210,0,5,16
Professional sports team,4253181,40,472926,278,278,189,499,0,6,61
Professional sports team,4253181,40,472926,97,97,33,2,0,7,69
Professional sports team,4253181,40,472926,1470,1470,283,131,0,6,309
Professional sports team,4290409,11,131422,57,57,166,25,1,5,1
Professional sports team,4290409,11,131422,17,17,148,2,0,6,2
Professional sports team,4290409,11,131422,24,24,172,18,0,6,4
Professional sports team,4290409,11,131422,56,55,135,20,0,6,5
Professional sports team,4290409,11,131422,93,89,148,70,1,6,10
Professional sports team,4290409,11,131422,54,54,781,108,0,6,17
Professional sports team,4290409,11,131422,34,34,180,26,0,7,23
Professional sports team,4290409,11,131422,63,63,166,89,0,7,25
Professional sports team,4290409,11,131422,103,103,123,59,0,6,25
Professional sports team,4290409,11,131422,22,22,190,18,0,6,29
Professional sports team,4290409,11,131422,141,141,81,630,1,6,32
Professional sports team,4290409,11,131422,87,87,203,37,0,6,40
Professional sports team,4290409,11,131422,0,0,184,1,0,4,59
Professional sports team,4290409,11,131422,90,90,602,337,1,5,60
Media/news/publishing,4377561,27,1508006,58,58,77,44,0,5,1
Media/news/publishing,4377561,27,1508006,121,115,76,58,0,5,1
Media/news/publishing,4377561,27,1508006,31,31,130,67,0,5,1
Media/news/publishing,4377561,27,1508006,64,58,358,272,1,5,1
Media/news/publishing,4377561,27,1508006,40,40,72,148,0,5,1
Media/news/publishing,4377561,27,1508006,24,23,68,68,1,5,1
Media/news/publishing,4377561,27,1508006,198,194,98,128,0,5,1
Media/news/publishing,4377561,27,1508006,55,55,110,59,1,6,1
Media/news/publishing,4377561,27,1508006,90,90,100,20,0,6,1
Media/news/publishing,4377561,27,1508006,290,277,73,28,0,5,1
Media/news/publishing,4377561,27,1508006,41,39,137,133,0,5,1
Media/news/publishing,4377561,27,1508006,189,185,84,46,0,5,1
Media/news/publishing,4377561,27,1508006,28,28,74,16,0,6,1
Media/news/publishing,4377561,27,1508006,28,28,70,51,0,5,2
Media/news/publishing,4377561,27,1508006,22,22,331,64,0,5,2
Media/news/publishing,4377561,27,1508006,414,394,72,41,1,5,2
Media/news/publishing,4377561,27,1508006,27,27,68,14,1,6,2
Media/news/publishing,4377561,27,1508006,341,316,176,19,0,5,2
Media/news/publishing,4377561,27,1508006,146,120,87,6,0,5,2
Media/news/publishing,4377561,27,1508006,36,36,404,28,0,5,2
Media/news/publishing,4377561,27,1508006,54,51,131,74,1,4,3
Media/news/publishing,4377561,27,1508006,22,22,86,42,1,5,3
Media/news/publishing,4377561,27,1508006,157,155,147,69,0,5,3
Media/news/publishing,4377561,27,1508006,427,402,73,126,0,5,3
Media/news/publishing,4377561,27,1508006,150,150,115,23,0,4,3
Media/news/publishing,4377561,27,1508006,46,45,59,114,0,5,3
Media/news/publishing,4377561,27,1508006,64,62,170,34,0,5,3
Media/news/publishing,4377561,27,1508006,62,62,71,106,0,6,3
Media/news/publishing,4377561,27,1508006,30,30,90,36,0,5,4
Media/news/publishing,4377561,27,1508006,53,52,72,14,1,6,4
Media/news/publishing,4377561,27,1508006,186,176,577,1650,0,5,4
Media/news/publishing,4377561,27,1508006,53,53,100,16,0,6,4
Media/news/publishing,4377561,27,1508006,98,98,63,120,0,6,4
Media/news/publishing,4377561,27,1508006,39,39,641,58,0,6,5
Media/news/publishing,4377561,27,1508006,82,76,104,443,0,5,5
Media/news/publishing,4377561,27,1508006,67,67,63,17,0,5,5
Media/news/publishing,4377561,27,1508006,26,26,395,223,1,7,5
Media/news/publishing,4377561,27,1508006,41,41,82,58,0,6,5
Media/news/publishing,4377561,27,1508006,52,52,71,84,0,5,5
Media/news/publishing,4377561,27,1508006,91,91,78,240,0,6,5
Media/news/publishing,4377561,27,1508006,108,106,90,29,0,5,6
Media/news/publishing,4377561,27,1508006,232,223,77,25,1,5,7
Media/news/publishing,4377561,27,1508006,30,30,48,434,0,6,7
Media/news/publishing,4377561,27,1508006,45,45,118,26,1,6,7
Media/news/publishing,4377561,27,1508006,81,81,91,57,0,5,7
Media/news/publishing,4377561,27,1508006,367,346,70,1232,1,5,7
Media/news/publishing,4377561,27,1508006,149,146,116,114,0,4,8
Media/news/publishing,4377561,27,1508006,233,221,100,353,0,4,8
Media/news/publishing,4377561,27,1508006,749,706,296,5333,1,5,8
Media/news/publishing,4377561,27,1508006,41,41,292,175,0,4,8
Media/news/publishing,4377561,27,1508006,133,113,623,2158,0,5,10
Media/news/publishing,4377561,27,1508006,183,161,162,1106,1,5,10
Media/news/publishing,4377561,27,1508006,45,45,358,60,1,6,10
Media/news/publishing,4377561,27,1508006,91,91,403,15,0,6,11
Media/news/publishing,4377561,27,1508006,124,121,56,914,1,5,12
Media/news/publishing,4377561,27,1508006,14,14,95,233,0,6,13
Media/news/publishing,4377561,27,1508006,242,235,66,424,0,5,13
Media/news/publishing,4377561,27,1508006,61,61,88,50,0,6,14
Media/news/publishing,4377561,27,1508006,23,23,288,38,1,5,16
Media/news/publishing,4377561,27,1508006,91,91,74,267,0,6,17
Media/news/publishing,4377561,27,1508006,34,34,270,148,1,5,17
Media/news/publishing,4377561,27,1508006,25,25,368,52,0,6,19
Media/news/publishing,4377561,27,1508006,309,309,51,74,0,6,20
Media/news/publishing,4377561,27,1508006,79,79,312,17,0,5,21
Media/news/publishing,4377561,27,1508006,64,64,69,119,0,7,22
Media/news/publishing,4377561,27,1508006,90,90,72,12,0,6,24
Media/news/publishing,4377561,27,1508006,20,20,308,153,1,6,24
Media/news/publishing,4377561,27,1508006,111,111,110,949,0,6,24
Media/news/publishing,4377561,27,1508006,68,68,120,57,1,6,26
Media/news/publishing,4377561,27,1508006,98,98,77,170,0,5,30
Media/news/publishing,4377561,27,1508006,205,205,377,922,1,6,33
Media/news/publishing,4377561,27,1508006,26,26,271,275,1,7,35
Media/news/publishing,4377561,27,1508006,267,267,95,17,0,6,47
Media/news/publishing,4377561,27,1508006,188,188,88,210,0,6,48
Media/news/publishing,4377561,27,1508006,191,191,68,512,0,6,54
Media/news/publishing,4377561,27,1508006,41,41,86,52,0,5,57
Media/news/publishing,4377561,27,1508006,100,100,46,8628,0,5,57
Media/news/publishing,4377561,27,1508006,1155,1028,233,602,0,5,59
Media/news/publishing,4377561,27,1508006,68,68,110,28,0,4,69
Media/news/publishing,4377561,27,1508006,1708,1656,54,719,0,5,80
Media/news/publishing,4377561,27,1508006,277,277,81,103,0,7,84
Media/news/publishing,4377561,27,1508006,193,193,58,1493,1,5,106
Media/news/publishing,4377561,27,1508006,0,0,57,217,1,5,107
Media/news/publishing,4377561,27,1508006,620,620,71,1064,0,5,138
Media/news/publishing,4377561,27,1508006,0,0,98,859,0,6,188
Media/news/publishing,4377561,27,1508006,147,147,329,3335,0,7,200
Media/news/publishing,4377561,27,1508006,0,0,54,409,0,6,256
Media/news/publishing,4377561,27,1508006,1390,1390,69,4411,1,6,385
Media/news/publishing,4377561,27,1508006,0,0,364,138,0,6,627
Media/news/publishing,4377561,27,1508006,0,0,237,6465,0,6,632
Professional sports team,4541886,83,65283,2,2,842,1,0,5,2
Professional sports team,4541886,83,65283,121,121,105,48,0,5,4
Professional sports team,4541886,83,65283,13,13,721,29,1,6,8
Professional sports team,4541886,83,65283,49,49,561,28,0,7,11
Professional sports team,4541886,83,65283,31,31,473,16,0,6,19
Entertainment website,4637394,33,37806,11,11,20,2,0,5,3
Entertainment website,4637394,33,37806,44,38,12,48,0,4,7
Professional sports team,4888698,75,17347,172,172,22,204,0,4,144
Professional sports team,4913787,60,158828,7,7,152,34,1,6,1
Professional sports team,4913787,60,158828,85,85,94,66,0,6,1
Professional sports team,4913787,60,158828,32,31,241,39,0,5,3
Professional sports team,4913787,60,158828,86,80,124,242,0,5,4
Professional sports team,4913787,60,158828,103,103,70,104,0,6,14
Professional sports team,4913787,60,158828,65,65,203,268,0,7,46
Professional sports team,4913787,60,158828,47,47,97,75,0,5,57
Professional sports team,4913787,60,158828,71,71,78,462,0,7,60
Professional sports team,4913787,60,158828,101,101,99,1542,0,7,102
Professional sports team,4955590,128,62043,33,28,112,57,0,4,2
Professional sports team,4955590,128,62043,42,41,241,32,0,5,2
Professional sports team,4955590,128,62043,93,78,181,533,0,4,6
Professional sports team,4955590,128,62043,115,115,120,889,0,5,8
Professional sports team,4975857,159,87422,65,65,89,1093,0,4,143
Public figure,5063996,1704,328136,1344,1344,42,598,1,6,180
Professional sports team,5136430,1,85177,44,44,425,272,0,5,6
Professional sports team,5136430,1,85177,0,0,539,370,0,7,81
Professional sports team,5200467,1,123640,73,73,171,92,0,6,17
Professional sports team,5200467,1,123640,60,60,131,256,0,6,69
Professional sports team,5365996,40729,102442,110,109,116,139,0,5,2
Professional sports team,5365996,40729,102442,51,51,111,26,0,6,3
Professional sports team,5365996,40729,102442,135,135,77,2,0,6,5
Professional sports team,5365996,40729,102442,23,23,112,23,0,6,11
Professional sports team,5365996,40729,102442,402,402,92,28,0,6,12
Professional sports team,5365996,40729,102442,89,89,122,42,1,5,12
Professional sports team,5365996,40729,102442,50,50,126,18,0,4,26
Professional sports team,5365996,40729,102442,0,0,124,17,0,7,43
Professional sports team,5365996,40729,102442,162,162,24,1582,0,6,72
Athlete,5753035,7,50942,11,11,68,15,1,4,4
Movie,5776505,8,140824,94,94,44,330,0,5,65
Professional sports team,5970921,53096,234501,53,53,246,118,0,6,4
Professional sports team,5970921,53096,234501,60,59,614,104,1,6,5
Professional sports team,5970921,53096,234501,64,64,504,26,0,4,16
Professional sports team,5970921,53096,234501,225,217,422,1818,1,5,27
Professional sports team,5970921,53096,234501,128,128,418,94,0,5,41
Professional sports team,5970921,53096,234501,119,119,321,2028,1,5,65
Professional sports team,5970921,53096,234501,36,36,230,1889,0,6,206
Political party,6141231,108622,290050,60,60,79,104,1,6,20
Political party,6141231,108622,290050,107,107,125,510,0,6,81
Political party,6141231,108622,290050,415,415,101,2174,0,6,96
Political party,6141231,108622,290050,2341,2077,153,8551,0,5,139
Actor/director,6395960,559,375858,2575,2304,45,6458,1,4,150
Media/news/publishing,6443491,4,709328,69,63,51,29,0,4,3
Media/news/publishing,6443491,4,709328,9,9,95,1,0,4,3
Media/news/publishing,6443491,4,709328,13,12,93,1,1,4,3
Media/news/publishing,6443491,4,709328,11,11,54,65,0,4,4
Media/news/publishing,6443491,4,709328,18,18,52,2,1,5,8
Media/news/publishing,6443491,4,709328,17,17,84,42,0,5,9
Media/news/publishing,6443491,4,709328,7,7,74,11,0,5,9
Media/news/publishing,6443491,4,709328,16,16,76,23,0,4,10
Media/news/publishing,6443491,4,709328,11,11,45,26,0,4,10
Media/news/publishing,6443491,4,709328,17,17,86,13,0,4,11
Media/news/publishing,6443491,4,709328,23,23,51,38,0,4,11
Media/news/publishing,6443491,4,709328,22,22,51,12,1,5,15
Media/news/publishing,6443491,4,709328,19,19,86,22,0,5,24
Media/news/publishing,6443491,4,709328,75,75,54,35,0,5,27
Media/news/publishing,6443491,4,709328,778,652,60,131,1,4,46
Media/news/publishing,6443491,4,709328,0,0,54,41,0,4,61
Media/news/publishing,6443491,4,709328,0,0,61,300,0,5,68
Media/news/publishing,6443491,4,709328,0,0,81,24,0,6,88
Media/news/publishing,6443491,4,709328,178,178,65,48,0,4,96
Media/news/publishing,6443491,4,709328,2858,2297,57,129,0,4,115
Media/news/publishing,6443491,4,709328,95,95,49,78,0,5,128
Media/news/publishing,6443491,4,709328,738,738,43,287,0,4,336
Media/news/publishing,6443491,4,709328,76,76,57,42,1,4,684
Professional sports team,6639220,49,185737,139,139,25,32,1,6,1
Professional sports team,6639220,49,185737,63,63,48,186,0,6,4
Professional sports team,6639220,49,185737,38,38,24,121,1,6,5
Professional sports team,6639220,49,185737,55,55,232,45,0,6,8
Professional sports team,6639220,49,185737,9,9,29,14,0,6,12
Professional sports team,6639220,49,185737,161,161,33,286,0,6,17
Professional sports team,6639220,49,185737,46,46,38,81,0,7,18
Professional sports team,6639220,49,185737,47,47,78,53,1,6,24
Professional sports team,6639220,49,185737,16,16,39,33,0,6,28
Professional sports team,6639220,49,185737,37,37,33,14,1,7,28
Professional sports team,6639220,49,185737,70,70,84,114,1,5,29
Professional sports team,6639220,49,185737,183,183,27,13,1,6,31
Professional sports team,6639220,49,185737,191,191,80,27,0,6,34
Professional sports team,6639220,49,185737,135,135,23,468,0,6,37
Professional sports team,7170111,70,497000,77,77,278,433,0,6,11
Professional sports team,7170111,70,497000,51,51,184,343,1,4,15
Professional sports team,7170111,70,497000,201,198,421,968,0,6,21
Professional sports team,7170111,70,497000,96,96,78,206,1,7,21
Professional sports team,7170111,70,497000,198,198,36,1902,0,6,29
Professional sports team,7170111,70,497000,588,588,173,2734,0,5,82
Professional sports team,7170111,70,497000,1387,1387,75,3392,0,7,247
Professional sports team,7170111,70,497000,0,0,175,673,0,7,1087
Food/beverages,7223388,12,101575,49,32,40,58,0,5,54
Professional sports team,7971262,6,325086,761,756,154,290,0,4,27
Professional sports team,7971262,6,325086,1015,999,177,276,0,5,45
Professional sports team,7971262,6,325086,2232,1974,268,560,1,4,143
Professional sports team,7971262,6,325086,621,621,288,694,0,6,240
Professional sports team,7971262,6,325086,827,827,259,926,0,6,260
Professional sports team,7971262,6,325086,1333,1333,217,1543,1,4,308
Professional sports team,8070687,421,278406,519,519,101,220,1,6,8
Professional sports team,8070687,421,278406,136,136,123,332,0,6,56
Professional sports team,8070687,421,278406,423,423,110,3437,0,7,130
Professional sports team,8070687,421,278406,317,317,119,2634,0,7,190
Tv channel,8078774,1,1226888,135,135,12,559,0,6,27
Tv channel,8078774,1,1226888,167,167,283,337,0,6,40
Tv channel,8078774,1,1226888,625,570,65,618,0,6,41
Tv channel,8078774,1,1226888,162,162,84,140,1,5,58
Tv channel,8078774,1,1226888,904,800,121,108,1,5,63
Tv channel,8078774,1,1226888,889,850,56,1129,1,5,98
Tv channel,8078774,1,1226888,98,98,0,3,0,4,122
Tv channel,8078774,1,1226888,471,471,68,1263,0,6,300
Tv channel,8078774,1,1226888,0,0,0,6,0,5,392
Telecommunication,8742023,2,210619,9,9,152,3,0,4,3
Telecommunication,8742023,2,210619,996,960,337,1101,1,4,3
Telecommunication,8742023,2,210619,16,16,249,16,0,4,3
Telecommunication,8742023,2,210619,38,37,163,19,0,5,5
Telecommunication,8742023,2,210619,24,24,157,22,1,6,5
Telecommunication,8742023,2,210619,25,25,249,17,0,5,15
Telecommunication,8742023,2,210619,5,5,233,32,0,6,33
Games/toys,9371667,15,213765,8,8,128,3,0,6,7
Athlete,9386285,3,178083,165,165,136,177,1,6,204
Product/service,9569070,2,45233,3,3,137,17,0,6,3
Sports event,9857010,1100558,22936,5,5,55,4,1,4,1
Sports event,9857010,1100558,22936,0,0,85,40,0,5,2
Sports event,9857010,1100558,22936,4,4,0,3,0,6,5
Sports event,9857010,1100558,22936,14,14,355,94,1,6,7
Professional sports team,10088233,17695,735009,82,82,253,20,0,6,5
Professional sports team,10088233,17695,735009,206,206,167,166,0,6,10
Professional sports team,10088233,17695,735009,33,33,119,3,0,6,11
Professional sports team,10088233,17695,735009,101,101,437,118,1,6,12
Professional sports team,10088233,17695,735009,0,0,433,187,0,6,191
Public figure,10394170,1,590124,959,959,141,1203,0,5,321
Media/news/publishing,10461783,938,1204131,53,50,116,14,0,4,1
Media/news/publishing,10461783,938,1204131,25,24,36,20,0,5,1
Media/news/publishing,10461783,938,1204131,31,30,80,31,0,4,1
Media/news/publishing,10461783,938,1204131,42,42,98,39,0,4,3
Media/news/publishing,10461783,938,1204131,56,53,54,27,0,4,5
Media/news/publishing,10461783,938,1204131,23,23,124,30,0,6,7
Media/news/publishing,10461783,938,1204131,34,34,65,28,0,4,8
Media/news/publishing,10461783,938,1204131,123,111,40,116,0,5,8
Media/news/publishing,10461783,938,1204131,120,118,80,48,1,4,10
Media/news/publishing,10461783,938,1204131,387,322,147,52,1,4,14
Media/news/publishing,10461783,938,1204131,238,238,47,365,0,4,16
Media/news/publishing,10461783,938,1204131,274,265,101,132,1,5,17
Media/news/publishing,10461783,938,1204131,34,34,79,45,0,6,22
Media/news/publishing,10461783,938,1204131,227,227,79,286,1,4,27
Media/news/publishing,10461783,938,1204131,1209,928,69,1173,0,4,28
Media/news/publishing,10461783,938,1204131,987,981,81,630,0,4,30
Media/news/publishing,10461783,938,1204131,224,207,70,103,0,4,32
Media/news/publishing,10461783,938,1204131,133,133,141,17,0,5,34
Media/news/publishing,10461783,938,1204131,757,707,186,419,0,4,35
Media/news/publishing,10461783,938,1204131,105,105,138,143,0,6,45
Media/news/publishing,10461783,938,1204131,65,65,140,67,0,5,46
Media/news/publishing,10461783,938,1204131,876,759,24,1716,0,5,60
Media/news/publishing,10461783,938,1204131,398,398,141,414,0,4,88
Media/news/publishing,10461783,938,1204131,114,114,68,118,0,6,180
Media/news/publishing,10461783,938,1204131,464,464,46,955,1,5,180
Media/news/publishing,10461783,938,1204131,600,600,150,528,0,6,477
Sports league,11759080,1048,130852,531,463,110,1092,1,4,55
Product/service,12721533,2636,37231,35,28,0,45,0,5,2
Product/service,12721533,2636,37231,5,5,0,2,0,5,3
Sports league,12962625,1,545695,70,70,151,2,0,4,1
Sports league,12962625,1,545695,54,54,119,13,0,5,1
Sports league,12962625,1,545695,211,210,86,36,1,4,2
Sports league,12962625,1,545695,186,168,59,117,0,4,2
Sports league,12962625,1,545695,91,85,62,16,0,4,2
Sports league,12962625,1,545695,37,37,87,1,0,6,3
Sports league,12962625,1,545695,137,135,129,40,0,4,4
Sports league,12962625,1,545695,246,244,109,30,0,5,4
Sports league,12962625,1,545695,299,276,111,137,0,5,6
Sports league,12962625,1,545695,91,91,81,39,0,4,10
Sports league,12962625,1,545695,185,185,66,78,0,5,10
Sports league,12962625,1,545695,85,85,59,49,1,4,10
Sports league,12962625,1,545695,625,569,62,260,0,4,15
Sports league,12962625,1,545695,65,65,99,13,0,5,20
Sports league,12962625,1,545695,37,37,87,53,0,6,21
Sports league,12962625,1,545695,111,111,49,36,1,4,22
Sports league,12962625,1,545695,0,0,103,2,1,6,27
Sports league,12962625,1,545695,225,216,0,336,0,5,30
Sports league,12962625,1,545695,134,131,100,52,0,4,32
Sports league,12962625,1,545695,0,0,106,17,0,6,33
Sports league,12962625,1,545695,51,51,69,41,0,6,41
Sports league,12962625,1,545695,294,294,110,12,0,4,65
Sports league,12962625,1,545695,56,56,98,32,0,5,75
Sports league,12962625,1,545695,84,84,83,51,1,6,86
Sports league,12962625,1,545695,425,425,216,469,0,4,93
Sports league,12962625,1,545695,336,336,117,62,0,5,107
Sports league,12962625,1,545695,762,762,98,259,0,4,131
Sports league,12962625,1,545695,185,185,173,246,0,4,136
Sports league,12962625,1,545695,499,499,139,1023,1,4,382
Professional sports team,13438255,59780,410493,35,32,137,60,1,5,1
Professional sports team,13438255,59780,410493,150,139,84,336,1,4,7
Professional sports team,13438255,59780,410493,14,14,265,52,0,6,7
Professional sports team,13438255,59780,410493,41,41,147,182,1,4,15
Professional sports team,13438255,59780,410493,5,5,276,72,0,4,16
Professional sports team,13438255,59780,410493,55,55,280,122,0,5,52
Professional sports team,13438255,59780,410493,0,0,75,505,0,6,153
Professional sports team,13438255,59780,410493,0,0,128,333,0,4,395
Entertainer,14913454,137,1346904,1039,1015,443,2514,0,4,100
Entertainer,14913454,137,1346904,0,0,98,2204,1,5,1338
Movie,17186326,1,77223,322,296,197,80,0,4,32
Company,17983668,1315,239638,10,10,0,12,1,4,2
Company,17983668,1315,239638,42,39,192,77,0,4,3
Company,17983668,1315,239638,31,29,292,63,0,5,5
Cars,18309696,5,156518,79,79,607,762,0,5,14
Telecommunication,18934990,3088,136995,53,53,66,692,0,4,1
Telecommunication,18934990,3088,136995,16,9,168,109,1,4,2
Telecommunication,18934990,3088,136995,134,134,61,3225,0,5,81
Company,19642638,4,217037,90,88,62,352,1,4,3
Company,19642638,4,217037,27,27,46,269,1,5,30
Company,19642638,4,217037,70,70,89,431,0,4,42
Musician/band,21000064,17,638088,811,687,201,224,0,4,30
Musician/band,21000064,17,638088,858,798,257,565,1,6,133
Musician/band,21000064,17,638088,729,729,282,642,0,7,312
Sports league,22199802,15192,948916,73,73,130,44,0,6,10
Sports league,22199802,15192,948916,19,19,211,30,0,4,12
Sports league,22199802,15192,948916,137,137,0,60,0,5,15
Sports league,22199802,15192,948916,955,945,0,727,0,4,19
Sports league,22199802,15192,948916,478,468,207,455,1,5,37
Sports league,22199802,15192,948916,997,956,101,2834,1,4,55
Sports league,22199802,15192,948916,577,577,0,553,0,4,84
Sports league,22199802,15192,948916,145,145,85,3,1,4,108
Sports league,22199802,15192,948916,205,205,90,676,0,4,113
Sports league,22199802,15192,948916,1691,1691,204,251,0,5,297
Sports league,22199802,15192,948916,286,286,121,276,1,5,386
Sports league,22199802,15192,948916,990,990,197,770,0,6,423
Sports league,22199802,15192,948916,805,805,110,1887,0,5,797
Sports league,22199802,15192,948916,806,806,33,4295,0,6,1486
Public figure,22899301,1,2454921,557,521,6,261,1,4,29
Public figure,22899301,1,2454921,1039,911,111,463,0,4,60
Public figure,22899301,1,2454921,1223,1223,139,171,0,4,103
Public figure,22899301,1,2454921,2148,2044,18,1262,0,4,172
Musician/band,23559795,2,1132174,2791,2673,118,472,0,5,64
Musician/band,23559795,2,1132174,1780,1742,272,575,0,5,99
Musician/band,23559795,2,1132174,611,611,80,189,0,6,233
Musician/band,23559795,2,1132174,355,355,127,850,0,6,261
Musician/band,23559795,2,1132174,211,211,204,607,0,7,443
Company,24871576,6,147196,16,15,114,28,0,4,1
Company,24871576,6,147196,54,48,282,156,0,5,2
Company,24871576,6,147196,12,12,70,13,0,5,4
Company,24871576,6,147196,19,19,225,48,0,5,10
Product/service,25569833,1,413345,35,26,100,94,0,4,1
Restaurant/cafe,27457026,1,36651,46,44,34,101,0,5,13
Tv network,28325843,1,571967,39,39,150,299,1,5,5
Tv network,28325843,1,571967,186,170,130,365,0,5,9
Tv network,28325843,1,571967,141,141,130,31,0,6,9
Tv network,28325843,1,571967,143,132,82,856,0,5,10
Tv network,28325843,1,571967,88,88,273,266,0,7,16
Tv network,28325843,1,571967,68,68,108,584,0,6,20
Tv network,28325843,1,571967,146,146,156,1468,0,6,27
Tv network,28325843,1,571967,453,451,79,200,0,6,42
Tv network,28325843,1,571967,102,102,215,652,0,4,46
Tv network,28325843,1,571967,70,70,188,2,0,7,48
Tv network,28325843,1,571967,493,484,62,692,0,6,53
Electronics,30252750,2,27681,273,265,150,21,0,4,10
App page,33326385,157,27408,191,182,325,37,0,5,3
App page,33326385,157,27408,100,97,353,122,0,5,5
App page,33326385,157,27408,341,339,186,130,1,5,8
App page,33326385,157,27408,101,101,215,99,0,6,124
Sports league,34770873,3,2225244,182,182,150,82,0,6,97
Sports league,34770873,3,2225244,406,406,174,975,0,6,315
Product/service,38846283,3,85980,35,35,112,62,0,4,25
Product/service,38846283,3,85980,30,30,0,3,0,5,39
Sports event,40920952,42563,752318,65,65,118,109,1,5,7
Sports event,40920952,42563,752318,384,384,212,136,1,5,60
Sports event,40920952,42563,752318,0,0,131,418,0,5,209
Sports event,40920952,42563,752318,90,90,116,885,1,4,449
Company,48997484,28,747324,3,3,225,22,0,6,3
Company,48997484,28,747324,14,12,128,167,0,5,3
Company,48997484,28,747324,88,86,112,326,0,4,9
Company,48997484,28,747324,87,80,53,900,1,5,10
Company,48997484,28,747324,66,66,66,690,0,7,13
Company,48997484,28,747324,1222,1154,62,17920,0,4,13
Company,48997484,28,747324,105,101,29,1825,0,4,15
Company,48997484,28,747324,52,52,180,474,1,5,16
Company,48997484,28,747324,838,783,98,2775,0,5,29
Company,48997484,28,747324,96,96,85,1047,0,6,76
Company,48997484,28,747324,0,0,46,418,0,7,79
Company,48997484,28,747324,233,233,24,2933,0,4,103
Company,48997484,28,747324,393,393,48,954,0,6,119
Company,48997484,28,747324,0,0,48,2469,0,5,154
Musician/band,49203410,5,2891667,1816,1713,12,730,0,4,99
Musician/band,49203410,5,2891667,983,983,0,411,0,7,251
Musician/band,49203410,5,2891667,1346,1346,9,402,0,5,463
Actor/director,61604763,4,1625512,2423,2405,50,3781,1,4,367
Musician/band,68687043,2,1505670,666,565,132,324,0,4,26
Musician/band,68687043,2,1505670,2244,1931,74,597,0,4,31
Musician/band,68687043,2,1505670,503,503,34,321,0,6,188
Musician/band,69223424,15,1403470,486,418,291,3213,0,4,9
Musician/band,69223424,15,1403470,376,376,0,3070,0,5,95
Musician/band,69223424,15,1403470,333,333,145,3336,0,7,154
Musician/band,78073034,7,734237,361,316,413,36,1,4,15
Musician/band,78073034,7,734237,378,367,101,1323,0,4,32
Musician/band,78073034,7,734237,149,149,290,446,0,5,79
Musician/band,78073034,7,734237,171,171,128,405,0,4,108
Musician/band,78073034,7,734237,284,284,140,1549,0,4,231
Musician/band,78073034,7,734237,309,309,91,3166,0,4,309
Athlete,95495492,25167,1899491,2564,2182,83,431,1,4,169